{"cameraMode":{"drawMode":0,"name":"Shaded","section":"Shading Mode"},"sceneLighting":false,"audioPlay":false,"sceneViewState":{"m_AlwaysRefresh":false,"showFog":true,"showSkybox":false,"showFlares":true,"showImageEffects":true,"showParticleSystems":true,"showVisualEffectGraphs":true,"m_FxEnabled":true},"in2DMode":false,"pivot":{"x":19.181861877441408,"y":4.958171844482422,"z":-14.563159942626954},"rotation":{"x":0.007920787669718266,"y":0.9833815097808838,"z":-0.17589913308620454,"w":0.044282011687755588},"size":12.904903411865235,"orthographic":true}