{"cameraMode":{"drawMode":0,"name":"Shaded","section":"Shading Mode"},"sceneLighting":true,"audioPlay":false,"sceneViewState":{"m_AlwaysRefresh":false,"showFog":true,"showSkybox":true,"showFlares":true,"showImageEffects":true,"showParticleSystems":true,"showVisualEffectGraphs":true,"m_FxEnabled":true},"in2DMode":false,"pivot":{"x":0.7003252506256104,"y":-0.09339684247970581,"z":-0.27383357286453249},"rotation":{"x":0.13446202874183656,"y":-0.6004829406738281,"z":0.10332369059324265,"w":0.7814526557922363},"size":45.705570220947269,"orthographic":false}