{"cameraMode":{"drawMode":0,"name":"Shaded","section":"Shading Mode"},"sceneLighting":true,"audioPlay":false,"sceneViewState":{"m_AlwaysRefresh":false,"showFog":true,"showSkybox":true,"showFlares":true,"showImageEffects":true,"showParticleSystems":true,"showVisualEffectGraphs":true,"m_FxEnabled":true},"in2DMode":false,"pivot":{"x":-6.699796676635742,"y":18.511754989624025,"z":-4.348701477050781},"rotation":{"x":-0.04465968534350395,"y":0.11988615989685059,"z":-0.005398210138082504,"w":-0.9917709231376648},"size":49.35926818847656,"orthographic":false}