{"cameraMode":{"drawMode":0,"name":"Shaded","section":"Shading Mode"},"sceneLighting":false,"audioPlay":false,"sceneViewState":{"m_AlwaysRefresh":false,"showFog":true,"showSkybox":false,"showFlares":true,"showImageEffects":true,"showParticleSystems":true,"showVisualEffectGraphs":true,"m_FxEnabled":true},"in2DMode":false,"pivot":{"x":8.871240615844727,"y":4.556227207183838,"z":35.243743896484378},"rotation":{"x":0.016267826780676843,"y":0.9827877879142761,"z":-0.15004190802574159,"w":0.10655569285154343},"size":14.50428295135498,"orthographic":true}