{"cameraMode":{"drawMode":0,"name":"Shaded","section":"Shading Mode"},"sceneLighting":false,"audioPlay":false,"sceneViewState":{"m_AlwaysRefresh":false,"showFog":true,"showSkybox":false,"showFlares":true,"showImageEffects":true,"showParticleSystems":true,"showVisualEffectGraphs":true,"m_FxEnabled":true},"in2DMode":false,"pivot":{"x":-0.4952881336212158,"y":1.7088954448699952,"z":0.0012679845094680787},"rotation":{"x":-0.0005668343510478735,"y":0.9990277290344238,"z":0.041983868926763538,"w":0.013487500138580799},"size":2.062101125717163,"orthographic":false}