{"cameraMode":{"drawMode":0,"name":"Shaded","section":"Shading Mode"},"sceneLighting":false,"audioPlay":false,"sceneViewState":{"m_AlwaysRefresh":false,"showFog":true,"showSkybox":false,"showFlares":true,"showImageEffects":true,"showParticleSystems":true,"showVisualEffectGraphs":true,"m_FxEnabled":true},"in2DMode":false,"pivot":{"x":1.9107409715652466,"y":0.00017261505126953125,"z":1.7199723720550538},"rotation":{"x":-0.04465968534350395,"y":0.11988615989685059,"z":-0.005398210138082504,"w":-0.9917709231376648},"size":0.17320510745048524,"orthographic":false}