{"cameraMode":{"drawMode":0,"name":"Shaded","section":"Shading Mode"},"sceneLighting":false,"audioPlay":false,"sceneViewState":{"m_AlwaysRefresh":false,"showFog":true,"showSkybox":false,"showFlares":true,"showImageEffects":true,"showParticleSystems":true,"showVisualEffectGraphs":true,"m_FxEnabled":true},"in2DMode":false,"pivot":{"x":0.8115580677986145,"y":0.026074886322021486,"z":0.02500009536743164},"rotation":{"x":-0.0005668343510478735,"y":0.9990277290344238,"z":0.041983868926763538,"w":0.013487500138580799},"size":4.1153154373168949,"orthographic":false}